Workbook

Sheet Tổng hợp điểm
B1: ĐIỂM THI HK1-2018-2019(CT428)
B2: Ma CB | C2: 1043 | D2: Ho va ten | F2: Nguyen Minh Trung
B3: Ma MH | C3: CT428 | D3: Ma NH | F3: 8
B4: Nam hoc | C4: 2020-2021 | D4: Hoc ky | F4: 1
A6: S T T | B6: Mã SV | C6: Họ và Tên | D6: Điểm TH1 | E6: Điểm TH2 | F6: Điểm TH3 | G6: Điểm BT lớn | H6: Điểm LT | I6: Điểm tổng | J6: Điểm theo thang điểm 10 | K6: Điểm chữ
A7: 1 | B7: 0B1505719 | C7: =VLOOKUP(RIGHT(B7,8),'Các bản tham chiếu và thống kê'!B:C,2,FALSE) -> Nguyễn Văn Hiếu | D7: =VLOOKUP(RIGHT(B7,8),'Điểm thực hành các buổi'!B:F,3,FALSE) -> 0.45 | E7: =VLOOKUP(RIGHT(B7,8),'Điểm thực hành các buổi'!B:F,4,FALSE) -> 0.25 | F7: =VLOOKUP(RIGHT(B7,8),'Điểm thực hành các buổi'!B:F,5,FALSE) -> 0.3 | G7: =VLOOKUP(RIGHT(B7,8),'Điểm bài tập lớn'!B:D,3,FALSE) -> 0.5 | H7: =VLOOKUP(RIGHT(B7,8),'Điểm lý thuyết'!B:D,3,FALSE) -> 4.2 | I7: =IF(H7=-3,0,ROUND(D7+E7+F7+G7+0.6*H7,1)) -> 4 | J7: =IF(OR(G7=0,VALUE(LEFT(B7,1))>2),0,ROUND(I7+VLOOKUP(VALUE(LEFT(B7,1)),'Các bản tham chiếu và thống kê'!$E$3:$F$5,2,FALSE),1)) -> 5 | K7: =VLOOKUP(J7,'Các bản tham chiếu và thống kê'!$A$3:$C$10,2,TRUE) -> D+
A8: 2 | B8: 1B1505915 | C8: =VLOOKUP(RIGHT(B8,8),'Các bản tham chiếu và thống kê'!B:C,2,FALSE) -> Lý Minh Trí | D8: =VLOOKUP(RIGHT(B8,8),'Điểm thực hành các buổi'!B:F,3,FALSE) -> 0.5 | E8: =VLOOKUP(RIGHT(B8,8),'Điểm thực hành các buổi'!B:F,4,FALSE) -> 0.35 | F8: =VLOOKUP(RIGHT(B8,8),'Điểm thực hành các buổi'!B:F,5,FALSE) -> 0.4 | G8: =VLOOKUP(RIGHT(B8,8),'Điểm bài tập lớn'!B:D,3,FALSE) -> 1 | H8: =VLOOKUP(RIGHT(B8,8),'Điểm lý thuyết'!B:D,3,FALSE) -> 5.8 | I8: =IF(H8=-3,0,ROUND(D8+E8+F8+G8+0.6*H8,1)) -> 5.7 | J8: =IF(OR(G8=0,VALUE(LEFT(B8,1))>2),0,ROUND(I8+VLOOKUP(VALUE(LEFT(B8,1)),'Các bản tham chiếu và thống kê'!$E$3:$F$5,2,FALSE),1)) -> 6.2 | K8: =VLOOKUP(J8,'Các bản tham chiếu và thống kê'!$A$3:$C$10,2,TRUE) -> C
A9: 3 | B9: 0B1509874 | C9: =VLOOKUP(RIGHT(B9,8),'Các bản tham chiếu và thống kê'!B:C,2,FALSE) -> Nguyễn Kiều Mi | D9: =VLOOKUP(RIGHT(B9,8),'Điểm thực hành các buổi'!B:F,3,FALSE) -> 0.25 | E9: =VLOOKUP(RIGHT(B9,8),'Điểm thực hành các buổi'!B:F,4,FALSE) -> 0.25 | F9: =VLOOKUP(RIGHT(B9,8),'Điểm thực hành các buổi'!B:F,5,FALSE) -> 0.3 | G9: =VLOOKUP(RIGHT(B9,8),'Điểm bài tập lớn'!B:D,3,FALSE) -> 0.5 | H9: =VLOOKUP(RIGHT(B9,8),'Điểm lý thuyết'!B:D,3,FALSE) -> 5.8 | I9: =IF(H9=-3,0,ROUND(D9+E9+F9+G9+0.6*H9,1)) -> 4.8 | J9: =IF(OR(G9=0,VALUE(LEFT(B9,1))>2),0,ROUND(I9+VLOOKUP(VALUE(LEFT(B9,1)),'Các bản tham chiếu và thống kê'!$E$3:$F$5,2,FALSE),1)) -> 5.8 | K9: =VLOOKUP(J9,'Các bản tham chiếu và thống kê'!$A$3:$C$10,2,TRUE) -> C
A10: 4 | B10: 0B1509929 | C10: =VLOOKUP(RIGHT(B10,8),'Các bản tham chiếu và thống kê'!B:C,2,FALSE) -> Đặng Duy Linh | D10: =VLOOKUP(RIGHT(B10,8),'Điểm thực hành các buổi'!B:F,3,FALSE) -> 0.4 | E10: =VLOOKUP(RIGHT(B10,8),'Điểm thực hành các buổi'!B:F,4,FALSE) -> 0.25 | F10: =VLOOKUP(RIGHT(B10,8),'Điểm thực hành các buổi'!B:F,5,FALSE) -> 0.35 | G10: =VLOOKUP(RIGHT(B10,8),'Điểm bài tập lớn'!B:D,3,FALSE) -> 1 | H10: =VLOOKUP(RIGHT(B10,8),'Điểm lý thuyết'!B:D,3,FALSE) -> 4.5 | I10: =IF(H10=-3,0,ROUND(D10+E10+F10+G10+0.6*H10,1)) -> 4.7 | J10: =IF(OR(G10=0,VALUE(LEFT(B10,1))>2),0,ROUND(I10+VLOOKUP(VALUE(LEFT(B10,1)),'Các bản tham chiếu và thống kê'!$E$3:$F$5,2,FALSE),1)) -> 5.7 | K10: =VLOOKUP(J10,'Các bản tham chiếu và thống kê'!$A$3:$C$10,2,TRUE) -> C
A11: 5 | B11: 2B1605223 | C11: =VLOOKUP(RIGHT(B11,8),'Các bản tham chiếu và thống kê'!B:C,2,FALSE) -> Lê Thị Trúc Linh | D11: =VLOOKUP(RIGHT(B11,8),'Điểm thực hành các buổi'!B:F,3,FALSE) -> 0.45 | E11: =VLOOKUP(RIGHT(B11,8),'Điểm thực hành các buổi'!B:F,4,FALSE) -> 0.4 | F11: =VLOOKUP(RIGHT(B11,8),'Điểm thực hành các buổi'!B:F,5,FALSE) -> 0.35 | G11: =VLOOKUP(RIGHT(B11,8),'Điểm bài tập lớn'!B:D,3,FALSE) -> 0.75 | H11: =VLOOKUP(RIGHT(B11,8),'Điểm lý thuyết'!B:D,3,FALSE) -> 5.5 | I11: =IF(H11=-3,0,ROUND(D11+E11+F11+G11+0.6*H11,1)) -> 5.3 | J11: =IF(OR(G11=0,VALUE(LEFT(B11,1))>2),0,ROUND(I11+VLOOKUP(VALUE(LEFT(B11,1)),'Các bản tham chiếu và thống kê'!$E$3:$F$5,2,FALSE),1)) -> 5.6 | K11: =VLOOKUP(J11,'Các bản tham chiếu và thống kê'!$A$3:$C$10,2,TRUE) -> C
A12: 6 | B12: 0B1605235 | C12: =VLOOKUP(RIGHT(B12,8),'Các bản tham chiếu và thống kê'!B:C,2,FALSE) -> Phạm Thị Huỳnh | D12: =VLOOKUP(RIGHT(B12,8),'Điểm thực hành các buổi'!B:F,3,FALSE) -> 0.4 | E12: =VLOOKUP(RIGHT(B12,8),'Điểm thực hành các buổi'!B:F,4,FALSE) -> 0.45 | F12: =VLOOKUP(RIGHT(B12,8),'Điểm thực hành các buổi'!B:F,5,FALSE) -> 0.5 | G12: =VLOOKUP(RIGHT(B12,8),'Điểm bài tập lớn'!B:D,3,FALSE) -> 1.2 | H12: =VLOOKUP(RIGHT(B12,8),'Điểm lý thuyết'!B:D,3,FALSE) -> 7.5 | I12: =IF(H12=-3,0,ROUND(D12+E12+F12+G12+0.6*H12,1)) -> 7.1 | J12: =IF(OR(G12=0,VALUE(LEFT(B12,1))>2),0,ROUND(I12+VLOOKUP(VALUE(LEFT(B12,1)),'Các bản tham chiếu và thống kê'!$E$3:$F$5,2,FALSE),1)) -> 8.1 | K12: =VLOOKUP(J12,'Các bản tham chiếu và thống kê'!$A$3:$C$10,2,TRUE) -> B+
A13: 7 | B13: 0B1605249 | C13: =VLOOKUP(RIGHT(B13,8),'Các bản tham chiếu và thống kê'!B:C,2,FALSE) -> Lê Minh Thông | D13: =VLOOKUP(RIGHT(B13,8),'Điểm thực hành các buổi'!B:F,3,FALSE) -> 0.4 | E13: =VLOOKUP(RIGHT(B13,8),'Điểm thực hành các buổi'!B:F,4,FALSE) -> 0.4 | F13: =VLOOKUP(RIGHT(B13,8),'Điểm thực hành các buổi'!B:F,5,FALSE) -> 0.4 | G13: =VLOOKUP(RIGHT(B13,8),'Điểm bài tập lớn'!B:D,3,FALSE) -> 1 | H13: =VLOOKUP(RIGHT(B13,8),'Điểm lý thuyết'!B:D,3,FALSE) -> 5.3 | I13: =IF(H13=-3,0,ROUND(D13+E13+F13+G13+0.6*H13,1)) -> 5.4 | J13: =IF(OR(G13=0,VALUE(LEFT(B13,1))>2),0,ROUND(I13+VLOOKUP(VALUE(LEFT(B13,1)),'Các bản tham chiếu và thống kê'!$E$3:$F$5,2,FALSE),1)) -> 6.4 | K13: =VLOOKUP(J13,'Các bản tham chiếu và thống kê'!$A$3:$C$10,2,TRUE) -> C
A14: 8 | B14: 0B1605285 | C14: =VLOOKUP(RIGHT(B14,8),'Các bản tham chiếu và thống kê'!B:C,2,FALSE) -> Huỳnh Thị Diễm | D14: =VLOOKUP(RIGHT(B14,8),'Điểm thực hành các buổi'!B:F,3,FALSE) -> 0.45 | E14: =VLOOKUP(RIGHT(B14,8),'Điểm thực hành các buổi'!B:F,4,FALSE) -> 0.4 | F14: =VLOOKUP(RIGHT(B14,8),'Điểm thực hành các buổi'!B:F,5,FALSE) -> 0.45 | G14: =VLOOKUP(RIGHT(B14,8),'Điểm bài tập lớn'!B:D,3,FALSE) -> 0 | H14: =VLOOKUP(RIGHT(B14,8),'Điểm lý thuyết'!B:D,3,FALSE) -> 6.8 | I14: =IF(H14=-3,0,ROUND(D14+E14+F14+G14+0.6*H14,1)) -> 5.4 | J14: =IF(OR(G14=0,VALUE(LEFT(B14,1))>2),0,ROUND(I14+VLOOKUP(VALUE(LEFT(B14,1)),'Các bản tham chiếu và thống kê'!$E$3:$F$5,2,FALSE),1)) -> 0 | K14: =VLOOKUP(J14,'Các bản tham chiếu và thống kê'!$A$3:$C$10,2,TRUE) -> F
A15: 9 | B15: 0B1605291 | C15: =VLOOKUP(RIGHT(B15,8),'Các bản tham chiếu và thống kê'!B:C,2,FALSE) -> Trần Thanh Nguyên | D15: =VLOOKUP(RIGHT(B15,8),'Điểm thực hành các buổi'!B:F,3,FALSE) -> 0.45 | E15: =VLOOKUP(RIGHT(B15,8),'Điểm thực hành các buổi'!B:F,4,FALSE) -> 0.4 | F15: =VLOOKUP(RIGHT(B15,8),'Điểm thực hành các buổi'!B:F,5,FALSE) -> 0.4 | G15: =VLOOKUP(RIGHT(B15,8),'Điểm bài tập lớn'!B:D,3,FALSE) -> 0.75 | H15: =VLOOKUP(RIGHT(B15,8),'Điểm lý thuyết'!B:D,3,FALSE) -> 6.3 | I15: =IF(H15=-3,0,ROUND(D15+E15+F15+G15+0.6*H15,1)) -> 5.8 | J15: =IF(OR(G15=0,VALUE(LEFT(B15,1))>2),0,ROUND(I15+VLOOKUP(VALUE(LEFT(B15,1)),'Các bản tham chiếu và thống kê'!$E$3:$F$5,2,FALSE),1)) -> 6.8 | K15: =VLOOKUP(J15,'Các bản tham chiếu và thống kê'!$A$3:$C$10,2,TRUE) -> C+
A16: 10 | B16: 1B1605344 | C16: =VLOOKUP(RIGHT(B16,8),'Các bản tham chiếu và thống kê'!B:C,2,FALSE) -> Nguyễn Thị Đào | D16: =VLOOKUP(RIGHT(B16,8),'Điểm thực hành các buổi'!B:F,3,FALSE) -> 0.3 | E16: =VLOOKUP(RIGHT(B16,8),'Điểm thực hành các buổi'!B:F,4,FALSE) -> 0.5 | F16: =VLOOKUP(RIGHT(B16,8),'Điểm thực hành các buổi'!B:F,5,FALSE) -> 0.45 | G16: =VLOOKUP(RIGHT(B16,8),'Điểm bài tập lớn'!B:D,3,FALSE) -> 0.3 | H16: =VLOOKUP(RIGHT(B16,8),'Điểm lý thuyết'!B:D,3,FALSE) -> 8.3 | I16: =IF(H16=-3,0,ROUND(D16+E16+F16+G16+0.6*H16,1)) -> 6.5 | J16: =IF(OR(G16=0,VALUE(LEFT(B16,1))>2),0,ROUND(I16+VLOOKUP(VALUE(LEFT(B16,1)),'Các bản tham chiếu và thống kê'!$E$3:$F$5,2,FALSE),1)) -> 7 | K16: =VLOOKUP(J16,'Các bản tham chiếu và thống kê'!$A$3:$C$10,2,TRUE) -> B
A17: 11 | B17: 4B1607025 | C17: =VLOOKUP(RIGHT(B17,8),'Các bản tham chiếu và thống kê'!B:C,2,FALSE) -> Nguyễn Chí Thanh | D17: =VLOOKUP(RIGHT(B17,8),'Điểm thực hành các buổi'!B:F,3,FALSE) -> 0.4 | E17: =VLOOKUP(RIGHT(B17,8),'Điểm thực hành các buổi'!B:F,4,FALSE) -> 0.45 | F17: =VLOOKUP(RIGHT(B17,8),'Điểm thực hành các buổi'!B:F,5,FALSE) -> 0.4 | G17: =VLOOKUP(RIGHT(B17,8),'Điểm bài tập lớn'!B:D,3,FALSE) -> 0.3 | H17: =VLOOKUP(RIGHT(B17,8),'Điểm lý thuyết'!B:D,3,FALSE) -> -3 | I17: =IF(H17=-3,0,ROUND(D17+E17+F17+G17+0.6*H17,1)) -> 0 | J17: =IF(OR(G17=0,VALUE(LEFT(B17,1))>2),0,ROUND(I17+VLOOKUP(VALUE(LEFT(B17,1)),'Các bản tham chiếu và thống kê'!$E$3:$F$5,2,FALSE),1)) -> 0 | K17: =VLOOKUP(J17,'Các bản tham chiếu và thống kê'!$A$3:$C$10,2,TRUE) -> F
A18: 12 | B18: 2B1609759 | C18: =VLOOKUP(RIGHT(B18,8),'Các bản tham chiếu và thống kê'!B:C,2,FALSE) -> Nguyễn Hải Anh | D18: =VLOOKUP(RIGHT(B18,8),'Điểm thực hành các buổi'!B:F,3,FALSE) -> 0.5 | E18: =VLOOKUP(RIGHT(B18,8),'Điểm thực hành các buổi'!B:F,4,FALSE) -> 0.5 | F18: =VLOOKUP(RIGHT(B18,8),'Điểm thực hành các buổi'!B:F,5,FALSE) -> 0.45 | G18: =VLOOKUP(RIGHT(B18,8),'Điểm bài tập lớn'!B:D,3,FALSE) -> 1.5 | H18: =VLOOKUP(RIGHT(B18,8),'Điểm lý thuyết'!B:D,3,FALSE) -> 7 | I18: =IF(H18=-3,0,ROUND(D18+E18+F18+G18+0.6*H18,1)) -> 7.2 | J18: =IF(OR(G18=0,VALUE(LEFT(B18,1))>2),0,ROUND(I18+VLOOKUP(VALUE(LEFT(B18,1)),'Các bản tham chiếu và thống kê'!$E$3:$F$5,2,FALSE),1)) -> 7.5 | K18: =VLOOKUP(J18,'Các bản tham chiếu và thống kê'!$A$3:$C$10,2,TRUE) -> B
... A20: 14 | B20: 0B1609773 | C20: =VLOOKUP(RIGHT(B20,8),'Các bản tham chiếu và thống kê'!B:C,2,FALSE) -> Nguyễn Duy Khanh | D20: =VLOOKUP(RIGHT(B20,8),'Điểm thực hành các buổi'!B:F,3,FALSE) -> 0.35 | E20: =VLOOKUP(RIGHT(B20,8),'Điểm thực hành các buổi'!B:F,4,FALSE) -> 0.4 | F20: =VLOOKUP(RIGHT(B20,8),'Điểm thực hành các buổi'!B:F,5,FALSE) -> 0 | G20: =VLOOKUP(RIGHT(B20,8),'Điểm bài tập lớn'!B:D,3,FALSE) -> 0.85 | H20: =VLOOKUP(RIGHT(B20,8),'Điểm lý thuyết'!B:D,3,FALSE) -> 6.5 | I20: =IF(H20=-3,0,ROUND(D20+E20+F20+G20+0.6*H20,1)) -> 5.5 | J20: =IF(OR(G20=0,VALUE(LEFT(B20,1))>2),0,ROUND(I20+VLOOKUP(VALUE(LEFT(B20,1)),'Các bản tham chiếu và thống kê'!$E$3:$F$5,2,FALSE),1)) -> 6.5 | K20: =VLOOKUP(J20,'Các bản tham chiếu và thống kê'!$A$3:$C$10,2,TRUE) -> C+

Sheet Điểm thực hành các buổi
A1: Điểm thực hành các buổi
A2: STT | B2: Mã SV | C2: Họ và tên | D2: Điểm TH 1 | E2: Điểm TH 2 | F2: Điểm TH 3
A3: 1 | B3: B1505719 | C3: Nguyễn Văn Hiếu | D3: 0.45 | E3: 0.25 | F3: 0.3
A4: 2 | B4: B1505915 | C4: Lý Minh Trí | D4: 0.5 | E4: 0.35 | F4: 0.4
A5: 3 | B5: B1509874 | C5: Nguyễn Kiều Mi | D5: 0.25 | E5: 0.25 | F5: 0.3
A6: 4 | B6: B1509929 | C6: Đặng Duy Linh | D6: 0.4 | E6: 0.25 | F6: 0.35
A7: 5 | B7: B1605223 | C7: Lê Thị Trúc Linh | D7: 0.45 | E7: 0.4 | F7: 0.35
A8: 6 | B8: B1605235 | C8: Phạm Thị Huỳnh | D8: 0.4 | E8: 0.45 | F8: 0.5
A9: 7 | B9: B1605249 | C9: Lê Minh Thông | D9: 0.4 | E9: 0.4 | F9: 0.4
A10: 8 | B10: B1605285 | C10: Huỳnh Thị Diễm | D10: 0.45 | E10: 0.4 | F10: 0.45
A11: 9 | B11: B1605291 | C11: Trần Thanh Nguyên | D11: 0.45 | E11: 0.4 | F11: 0.4
A12: 10 | B12: B1605344 | C12: Nguyễn Thị Đào | D12: 0.3 | E12: 0.5 | F12: 0.45
A13: 11 | B13: B1607025 | C13: Nguyễn Chí Thanh | D13: 0.4 | E13: 0.45 | F13: 0.4
A14: 12 | B14: B1609759 | C14: Nguyễn Hải Anh | D14: 0.5 | E14: 0.5 | F14: 0.45
... A16: 14 | B16: B1609773 | C16: Nguyễn Duy Khanh | D16: 0.35 | E16: 0.4 | F16: 0

Sheet Điểm bài tập lớn
A1: Điểm bài tập lớn
A2: STT | B2: Mã SV | C2: Họ và tên | D2: Điểm BL lớn
A3: 1 | B3: B1505719 | C3: Nguyễn Văn Hiếu | D3: 0.5
A4: 2 | B4: B1505915 | C4: Lý Minh Trí | D4: 1
A5: 3 | B5: B1509874 | C5: Nguyễn Kiều Mi | D5: 0.5
A6: 4 | B6: B1509929 | C6: Đặng Duy Linh | D6: 1
A7: 5 | B7: B1605223 | C7: Lê Thị Trúc Linh | D7: 0.75
A8: 6 | B8: B1605235 | C8: Phạm Thị Huỳnh | D8: 1.2
A9: 7 | B9: B1605249 | C9: Lê Minh Thông | D9: 1
A10: 8 | B10: B1605285 | C10: Huỳnh Thị Diễm | D10: 0
A11: 9 | B11: B1605291 | C11: Trần Thanh Nguyên | D11: 0.75
A12: 10 | B12: B1605344 | C12: Nguyễn Thị Đào | D12: 0.3
A13: 11 | B13: B1607025 | C13: Nguyễn Chí Thanh | D13: 0.3
A14: 12 | B14: B1609759 | C14: Nguyễn Hải Anh | D14: 1.5
... A16: 14 | B16: B1609773 | C16: Nguyễn Duy Khanh | D16: 0.85

Sheet Điểm lý thuyết
A1: Điểm lý thuyết
A2: STT | B2: Mã SV | C2: Họ và tên | D2: Điểm lý thuyết
A3: 1 | B3: B1505719 | C3: Nguyễn Phước Hiếu | D3: 4.2
A4: 2 | B4: B1505915 | C4: Lý Minh Trí | D4: 5.8
A5: 3 | B5: B1509874 | C5: Nguyễn Kiều Mi | D5: 5.8
A6: 4 | B6: B1509929 | C6: Đặng Duy Linh | D6: 4.5
A7: 5 | B7: B1605223 | C7: Lê Thị Trúc Linh | D7: 5.5
A8: 6 | B8: B1605235 | C8: Phạm Thị Huỳnh | D8: 7.5
A9: 7 | B9: B1605249 | C9: Lê Minh Thông | D9: 5.3
A10: 8 | B10: B1605285 | C10: Huỳnh Thị Diễm | D10: 6.8
A11: 9 | B11: B1605291 | C11: Trần Thanh Nguyên | D11: 6.3
A12: 10 | B12: B1605344 | C12: Nguyễn Thị Đào | D12: 8.3
A13: 11 | B13: B1607025 | C13: Nguyễn Chí Thanh | D13: -3
A14: 12 | B14: B1609759 | C14: Nguyễn Hải Anh | D14: 7
... A16: 14 | B16: B1609773 | C16: Nguyễn Duy Khanh | D16: 6.5

Sheet Các bản tham chiếu và thống kê
A1: Bảng quy đổi điểm | E1: Bảng Điểm Chuyên cần
A2: Điểm theo thang điểm 10 | B2: Điểm chữ | C2: Điểm theo thang điểm 4 | E2: Số buổi vắng | F2: Điểm CT
A3: 0 | B3: F | C3: 0 | E3: 0 | F3: 1
A4: 4 | B4: D | C4: 1 | E4: 1 | F4: 0.5
A5: 5 | B5: D+ | C5: 1.5 | E5: 2 | F5: 0.25
A6: 5.5 | B6: C | C6: 2
A7: 6.5 | B7: C+ | C7: 2.5
A8: 7 | B8: B | C8: 3
A9: 8 | B9: B+ | C9: 3.5
A10: 9 | B10: A | C10: 4
A12: Danh sách Sinh viên | E12: Bảng thống kê theo điểm chữ
A13: STT | B13: Mã SV | C13: Họ và Tên | E13: Điểm chữ | F13: Số lượng sinh viên
A14: 1 | B14: B1509929 | C14: Đặng Duy Linh | E14: A | F14: =COUNTIF('Tổng hợp điểm'!K:K,E16) -> 2
A15: 2 | B15: B1605285 | C15: Huỳnh Thị Diễm | E15: B+ | F15: =COUNTIF('Tổng hợp điểm'!K:K,E17) -> 2
A16: 3 | B16: B1605291 | C16: Trần Thanh Nguyên | E16: B | F16: =COUNTIF('Tổng hợp điểm'!K:K,E18) -> 5
A17: 4 | B17: B1605249 | C17: Lê Minh Thông | E17: C+ | F17: =COUNTIF('Tổng hợp điểm'!K:K,E19) -> 1
A18: 5 | B18: B1605223 | C18: Lê Thị Trúc Linh | E18: C | F18: =COUNTIF('Tổng hợp điểm'!K:K,E20) -> 0
A19: 6 | B19: B1505915 | C19: Lý Minh Trí | E19: D+ | F19: =COUNTIF('Tổng hợp điểm'!K:K,E21) -> 3
A20: 7 | B20: B1607025 | C20: Nguyễn Chí Thanh | E20: D | F20: =COUNTIF('Tổng hợp điểm'!K:K,E22) -> 0
A21: 8 | B21: B1609773 | C21: Nguyễn Duy Khanh | E21: F | F21: =COUNTIF('Tổng hợp điểm'!K:K,E23) -> 0
A22: 9 | B22: B1609759 | C22: Nguyễn Hải Anh
A23: 10 | B23: B1509874 | C23: Nguyễn Kiều Mi | E23: Bảng thống kê SV
A24: 11 | B24: B1605344 | C24: Nguyễn Thị Đào | E24: Số sinh viên điểm BT | F24: =COUNTIFS('Tổng hợp điểm'!G:G,0)+COUNTIFS('Tổng hợp điểm'!H:H,-3) -> 3
A25: 12 | B25: B1505719 | C25: Nguyễn Văn Hiếu | E25: lớn = 0 hoặc điểm LT
A26: 13 | B26: B1605235 | C26: Phạm Thị Huỳnh | E26: =-3 -> -3
A27: 14 | B27: B1609765 | C27: Trần Nam Dương | E27: Số SV nghỉ TH > 2 | F27: =COUNTIFS('Tổng hợp điểm'!D:D,0,'Tổng hợp điểm'!E:E,0,'Tổng hợp điểm'!F:F,0) -> 0

Sheet Sinh viên điểm < 7
A1: 1 | B1: 0B1505719 | C1: Nguyễn Văn Hiếu | D1: 0.45 | E1: 0.25 | F1: 0.3 | G1: 0.5 | H1: 4.2 | I1: 4 | J1: 5 | K1: D+
A2: 2 | B2: 1B1505915 | C2: Lý Minh Trí | D2: 0.5 | E2: 0.35 | F2: 0.4 | G2: 1 | H2: 5.8 | I2: 5.7 | J2: 6.2 | K2: C
A3: 3 | B3: 0B1509874 | C3: Nguyễn Kiều Mi | D3: 0.25 | E3: 0.25 | F3: 0.3 | G3: 0.5 | H3: 5.8 | I3: 4.8 | J3: 5.8 | K3: C
A4: 4 | B4: 0B1509929 | C4: Đặng Duy Linh | D4: 0.4 | E4: 0.25 | F4: 0.35 | G4: 1 | H4: 4.5 | I4: 4.7 | J4: 5.7 | K4: C
A5: 5 | B5: 2B1605223 | C5: Lê Thị Trúc Linh | D5: 0.45 | E5: 0.4 | F5: 0.35 | G5: 0.75 | H5: 5.5 | I5: 5.3 | J5: 5.6 | K5: C
A6: 7 | B6: 0B1605249 | C6: Lê Minh Thông | D6: 0.4 | E6: 0.4 | F6: 0.4 | G6: 1 | H6: 5.3 | I6: 5.4 | J6: 6.4 | K6: C
A7: 8 | B7: 0B1605285 | C7: Huỳnh Thị Diễm | D7: 0.45 | E7: 0.4 | F7: 0.45 | G7: 0 | H7: 6.8 | I7: 5.4 | J7: 0 | K7: F
A8: 9 | B8: 0B1605291 | C8: Trần Thanh Nguyên | D8: 0.45 | E8: 0.4 | F8: 0.4 | G8: 0.75 | H8: 6.3 | I8: 5.8 | J8: 6.8 | K8: C+
A9: 11 | B9: 4B1607025 | C9: Nguyễn Chí Thanh | D9: 0.4 | E9: 0.45 | F9: 0.4 | G9: 0.3 | H9: -3 | I9: 0 | J9: 0 | K9: F
A10: 13 | B10: 5B1609765 | C10: Trần Nam Dương | D10: 0.4 | E10: 0.4 | F10: 0.35 | G10: 1.35 | H10: -3 | I10: 0 | J10: 0 | K10: F
A11: 14 | B11: 0B1609773 | C11: Nguyễn Duy Khanh | D11: 0.35 | E11: 0.4 | F11: 0 | G11: 0.85 | H11: 6.5 | I11: 5.5 | J11: 6.5 | K11: C+

Sheet Sinh viên điểm >= 7
A1: 6 | B1: 0B1605235 | C1: Phạm Thị Huỳnh | D1: 0.4 | E1: 0.45 | F1: 0.5 | G1: 1.2 | H1: 7.5 | I1: 7.1 | J1: 8.1 | K1: B+
A2: 10 | B2: 1B1605344 | C2: Nguyễn Thị Đào | D2: 0.3 | E2: 0.5 | F2: 0.45 | G2: 0.3 | H2: 8.3 | I2: 6.5 | J2: 7 | K2: B
A3: 12 | B3: 2B1609759 | C3: Nguyễn Hải Anh | D3: 0.5 | E3: 0.5 | F3: 0.45 | G3: 1.5 | H3: 7 | I3: 7.2 | J3: 7.5 | K3: B
